{"camera_matrix": [[1340.7085848361446, 0.0, 595.8491105925242], [0.0, 1406.398067204622, 787.4984558467822], [0.0, 0.0, 1.0]], "dist_coeff": [[0.36582480185649574, -0.2923314123788224, 0.08556614675855073, 0.06387647132158086, 0.26660334427512133]]}